{"cameraMode":{"drawMode":0,"name":"Shaded","section":"Shading Mode"},"sceneLighting":true,"audioPlay":false,"sceneViewState":{"m_AlwaysRefresh":false,"showFog":true,"showSkybox":true,"showFlares":true,"showImageEffects":true,"showParticleSystems":true,"showVisualEffectGraphs":true,"m_FxEnabled":true},"in2DMode":false,"pivot":{"x":-1.2266850471496583,"y":1.6907110214233399,"z":-1.8346176147460938},"rotation":{"x":0.20346587896347047,"y":0.0029372726567089559,"z":-0.0006121176993474364,"w":0.9790771007537842},"size":10.326723098754883,"orthographic":false}